timestamp,linkedin_url,followers
2025-10-17 08:42:02,https://www.linkedin.com/company/extrastaff-recruitment,1602
2025-10-17 08:43:38,https://www.linkedin.com/company/extrastaff-recruitment,1602
2025-10-17 08:45:54,https://www.linkedin.com/company/extrastaff-recruitment,1602
2025-10-17 08:57:13,https://www.linkedin.com/company/extrastaff-recruitment,1602
2025-10-17 09:28:37,https://www.linkedin.com/company/extrastaff-recruitment,1602
2025-10-17 09:43:50,https://www.linkedin.com/company/extrastaff-recruitment,1602
2025-10-17 09:56:10,https://www.linkedin.com/company/extrastaff-recruitment,1602
2025-10-17 10:27:32,https://www.linkedin.com/company/extrastaff-recruitment,1602
2025-10-17 10:44:53,https://www.linkedin.com/company/extrastaff-recruitment,1602
2025-10-17 10:57:47,https://www.linkedin.com/company/extrastaff-recruitment,1602
2025-10-17 11:22:01,https://www.linkedin.com/company/extrastaff-recruitment,1602
2025-10-17 11:36:33,https://www.linkedin.com/company/extrastaff-recruitment,1602
2025-10-17 11:49:23,https://www.linkedin.com/company/extrastaff-recruitment,1602
2025-10-17 12:20:39,https://www.linkedin.com/company/extrastaff-recruitment,1602
2025-10-17 13:03:28,https://www.linkedin.com/company/extrastaff-recruitment,1602
2025-10-17 13:36:10,https://www.linkedin.com/company/extrastaff-recruitment,1602
2025-10-17 13:49:45,https://www.linkedin.com/company/extrastaff-recruitment,1602
2025-10-17 14:11:25,https://www.linkedin.com/company/extrastaff-recruitment,1602
2025-10-17 14:36:06,https://www.linkedin.com/company/extrastaff-recruitment,1602
2025-10-17 14:49:31,https://www.linkedin.com/company/extrastaff-recruitment,1602
2025-10-17 15:11:09,https://www.linkedin.com/company/extrastaff-recruitment,1602
2025-10-17 15:32:45,https://www.linkedin.com/company/extrastaff-recruitment,1602
2025-10-17 15:46:12,https://www.linkedin.com/company/extrastaff-recruitment,1602
2025-10-17 15:58:21,https://www.linkedin.com/company/extrastaff-recruitment,1602
2025-10-17 16:33:15,https://www.linkedin.com/company/extrastaff-recruitment,1602
2025-10-17 16:51:15,https://www.linkedin.com/company/extrastaff-recruitment,1602
2025-10-17 17:12:35,https://www.linkedin.com/company/extrastaff-recruitment,1602
2025-10-17 17:31:49,https://www.linkedin.com/company/extrastaff-recruitment,1602
2025-10-17 17:44:15,https://www.linkedin.com/company/extrastaff-recruitment,1602
2025-10-17 17:56:25,https://www.linkedin.com/company/extrastaff-recruitment,1602
2025-10-17 18:34:07,https://www.linkedin.com/company/extrastaff-recruitment,1602
2025-10-17 18:51:01,https://www.linkedin.com/company/extrastaff-recruitment,1602
2025-10-17 19:11:20,https://www.linkedin.com/company/extrastaff-recruitment,1602
2025-10-17 19:26:19,https://www.linkedin.com/company/extrastaff-recruitment,1602
2025-10-17 19:40:05,https://www.linkedin.com/company/extrastaff-recruitment,1602
2025-10-17 19:53:06,https://www.linkedin.com/company/extrastaff-recruitment,1602
2025-10-17 20:20:14,https://www.linkedin.com/company/extrastaff-recruitment,1602
2025-10-17 20:38:30,https://www.linkedin.com/company/extrastaff-recruitment,1602
2025-10-17 20:50:50,https://www.linkedin.com/company/extrastaff-recruitment,1602
2025-10-17 21:11:48,https://www.linkedin.com/company/extrastaff-recruitment,1602
2025-10-17 21:29:22,https://www.linkedin.com/company/extrastaff-recruitment,1602
2025-10-17 21:42:21,https://www.linkedin.com/company/extrastaff-recruitment,1602
2025-10-17 21:54:48,https://www.linkedin.com/company/extrastaff-recruitment,1602
2025-10-17 22:20:18,https://www.linkedin.com/company/extrastaff-recruitment,1602
2025-10-17 22:37:10,https://www.linkedin.com/company/extrastaff-recruitment,1602
2025-10-17 22:50:08,https://www.linkedin.com/company/extrastaff-recruitment,1602
